{"initial_reset_timestamp": 1653954746.3042448, "timestamps": [1653954750.196225, 1653954753.3976626, 1653954756.230123], "episode_lengths": [1211, 1092, 1023], "episode_rewards": [600.0, 300.0, 400.0], "episode_types": ["t", "t", "t"]}