{"initial_reset_timestamp": 9526.2899483, "timestamps": [9526.5557934, 9526.7980535, 9526.8513139, 9526.8571723, 9526.8609167, 9526.8659892, 9526.8709686, 9526.8774424, 9527.0509376, 9527.1013011, 9527.1057278, 9527.1119584, 9527.1203247, 9527.1235592, 9527.1299757, 9527.1392396, 9527.1455211, 9527.1518728, 9527.1546115, 9527.1584015, 9527.1640506, 9527.1696475, 9527.1838948, 9527.1873593, 9527.19414, 9527.1999254, 9527.211932, 9527.4312075, 9527.49148, 9527.4977487, 9527.5017307, 9527.5136183, 9527.5218999, 9527.5251411, 9527.5335917, 9527.5388639, 9527.544999, 9527.551484, 9527.5567567, 9527.5634714, 9527.5664518, 9527.5696095, 9527.5730976, 9527.5783332, 9527.5836957, 9527.5876265, 9527.5913356, 9527.6038292, 9527.6148434, 9527.6184126, 9527.6275211, 9527.633299, 9527.6408395, 9527.6479103, 9527.6547194, 9527.6579745, 9527.6629697, 9527.6674418, 9527.6707629, 9527.6745165, 9527.6790259, 9527.6824912, 9527.6864751, 9527.7036963, 9527.9041882, 9527.9610376, 9527.9643266, 9527.9696012, 9527.9734006, 9527.9796793, 9527.9854153, 9527.9896766, 9527.9987102, 9528.0020923, 9528.0081097, 9528.0121842, 9528.0159595, 9528.0197535, 9528.0240623, 9528.0314281, 9528.0355738, 9528.0402981, 9528.0466598, 9528.0568798, 9528.065731, 9528.0686797, 9528.0734462, 9528.0767919, 9528.0824047, 9528.0856159, 9528.0898177, 9528.1011862, 9528.1056679, 9528.112529, 9528.1160231, 9528.119206, 9528.1226309, 9528.129161, 9528.1331731, 9528.1394364], "episode_lengths": [11, 21, 12, 22, 12, 11, 19, 20, 13, 30, 16, 17, 31, 12, 18, 34, 17, 23, 10, 14, 13, 21, 47, 13, 19, 12, 37, 24, 13, 13, 15, 37, 19, 12, 15, 20, 17, 22, 20, 20, 11, 12, 13, 12, 20, 15, 13, 42, 26, 13, 28, 19, 28, 20, 25, 12, 12, 17, 12, 14, 11, 13, 15, 59, 19, 15, 12, 19, 14, 17, 21, 16, 27, 11, 23, 10, 14, 13, 16, 21, 14, 18, 14, 34, 26, 11, 18, 9, 16, 12, 16, 35, 17, 17, 13, 12, 13, 17, 15, 24], "episode_rewards": [11.0, 21.0, 12.0, 22.0, 12.0, 11.0, 19.0, 20.0, 13.0, 30.0, 16.0, 17.0, 31.0, 12.0, 18.0, 34.0, 17.0, 23.0, 10.0, 14.0, 13.0, 21.0, 47.0, 13.0, 19.0, 12.0, 37.0, 24.0, 13.0, 13.0, 15.0, 37.0, 19.0, 12.0, 15.0, 20.0, 17.0, 22.0, 20.0, 20.0, 11.0, 12.0, 13.0, 12.0, 20.0, 15.0, 13.0, 42.0, 26.0, 13.0, 28.0, 19.0, 28.0, 20.0, 25.0, 12.0, 12.0, 17.0, 12.0, 14.0, 11.0, 13.0, 15.0, 59.0, 19.0, 15.0, 12.0, 19.0, 14.0, 17.0, 21.0, 16.0, 27.0, 11.0, 23.0, 10.0, 14.0, 13.0, 16.0, 21.0, 14.0, 18.0, 14.0, 34.0, 26.0, 11.0, 18.0, 9.0, 16.0, 12.0, 16.0, 35.0, 17.0, 17.0, 13.0, 12.0, 13.0, 17.0, 15.0, 24.0], "episode_types": ["t", "t", "t", "t", "t", "t", "t", "t", "t", "t", "t", "t", "t", "t", "t", "t", "t", "t", "t", "t", "t", "t", "t", "t", "t", "t", "t", "t", "t", "t", "t", "t", "t", "t", "t", "t", "t", "t", "t", "t", "t", "t", "t", "t", "t", "t", "t", "t", "t", "t", "t", "t", "t", "t", "t", "t", "t", "t", "t", "t", "t", "t", "t", "t", "t", "t", "t", "t", "t", "t", "t", "t", "t", "t", "t", "t", "t", "t", "t", "t", "t", "t", "t", "t", "t", "t", "t", "t", "t", "t", "t", "t", "t", "t", "t", "t", "t", "t", "t", "t"]}